id,Name,Full name,Location,Verified,Group,URL
1,AB Consultants,,"Nairobi, Kenya",Yes,,https://abconsultants.co.ke/
2,Acacia,Acacia Natural Resource Consultants Ltd.,"Reading, UK",Yes,,http://www.acacia-natural-resources.co.uk/
3,ACCESS,Alliance of CSOs for Clean Energy Access,,Yes,,https://access-coalition.org/
4,Access Initiative,,,Yes,,http://www.accessinitiative.org/
5,AccountAbility,,"London, UK",Yes,,https://www.accountability.org/
6,ACHR,Asian Coalition for Housing Rights,"Bangkok, Thailand",Yes,,http://www.achr.net/
7,ACODE Uganda,Advocates Coalition for Development and Environment,"Kampala, Uganda",Yes,,https://www.acode-u.org/
8,Act Change Transform (Act!),,,Yes,,http://www.act.or.ke/
9,ACTIONAID,,"Johannesburg, South Africa (head office)",Yes,,https://actionaid.org/
10,"ActionAid India, Bolangir Team",,,Yes,1,
11,ACTS,African Centre for Technology Studies,"Nairobi, Kenya",Yes,,https://www.acts-net.org/
12,ADA consortium,,"Nairobi, Kenya",Yes,,https://www.adaconsortium.org/
13,Africa Climate Change Resilience Alliance (ACCRA),,,Yes,,http://community.eldis.org/accra/
14,African Centre for Technology Studies (ACTS),,,Yes,,http://www.acts-net.org/
15,African Centre for Trade and Development (ACTADE),African Centre for Trade and Development (ACTADE),,Yes,,http://www.actade.org/
16,African Development Bank ,,"Abidjan, Côte d'Ivoire",Yes,,https://www.afdb.org/
17,African Leadership Group on Biodiversity and Development Mainstreaming,,,No,1,
18,African Wildlife Foundation,,"Nairobi, Kenya",Yes,,https://www.awf.org/
19,Agricord,,"Rome, Italy",Yes,,https://www.agricord.org/en
20,Aidenvironment,,"Amsterdam, The Netherlands",Yes,,https://www.aidenvironment.org/
21,Alias,State Department for Development of Arid and Semi-Arid Regions,"Nairobi, Kenya",Yes,,http://www.asals.go.ke/
22,ALIN-EA,Arid Land Information Network,,Yes,,https://www.alin.net/
23,All-China Environment Federation (ACEF),,,Yes,,http://www.acef.com.cn/html/en/EN_Whatwedo.html
24,Allwaters Consult Limited,,,No,,
25,Amazonas Sustainable Foundation (FAS),,,Yes,,https://fas-amazonas.org/
26,Annual Reviews,,"Palo Alto,  US",Yes,,https://www.annualreviews.org/
27,APPG on Agroecology,,,No,1,
28,ARC CEED University of Queensland,,,No,1,
29,Arcus,,"Cambridge, UK",Yes,,https://www.arcusfoundation.org/
30,ARED,Associates for Research and Education for Development,"Dakar, Sénégal",Yes,,http://www.ared-edu.org/
31,Asia Foundation,,,Yes,,http://asiafoundation.org
32,Asia Network for Sustainable Agriculture and Bioresources,,,No,1,
33,Asociación ANDES,,,Yes,,https://andes.org.pe/
34,Austrian Ministry of Environment,,,Yes,,https://www.bmk.gv.at/en.html
35,BCAS,Bangladesh Centre for Advanced Studies,"Dhaka, Bangladesh",Yes,,http://www.bcas.net/
36,BirdLife International,,"Cambridge, UK",Yes,,http://www.birdlife.org/
37,BMJ,British Medical Journal,"London, UK",Yes,,https://www.bmj.com/
38,Borneo Futures,,Brunei Darussalam,Yes,,https://www.borneofutures.org/
39,Boston University,,"Boston, US",Yes,,https://www.bu.edu/
40,BRAC,,,Yes,,http://www.brac.net
41,Brill Nijhoff,,"Leiden, Netherlands",Yes,,https://brill.com/
42,British Council,,"Manchester, UK",Yes,,https://www.britishcouncil.org/
43,CAFOD,Catholic Agency for Overseas Development,"London, UK",Yes,,http://cafod.org.uk/
44,Call of the Earth,,,No,,
45,Cambridge University Press,,"Cambridge, UK",Yes,,https://www.cambridge.org/
46,CANARI,,"Barataria, Trinidad",Yes,,https://canari.org/
47,Cardozo School of Law,,"New York, US",Yes,,https://cardozo.yu.edu/
48,CARE,,,Yes,,http://www.care.org/
49,Catholic Organisation for Relief and Development Aid (CORDAID),,,Yes,,http://www.cordaid.nl/nl/%2812997%29--.html
50,CBA conference,,,Yes,1,
51,CBD,,"Montreal, Canada",Yes,,https://www.cbd.int/
52,"CCAFS (Climate Change, Agriculture and Food Security)",,,Yes,1,http://ccafs.cgiar.org/
53,CDKN,Climate and Development Knowledge Network,"Cape Town, South Africa",Yes,,https://cdkn.org/
54,CEESP,"Commission on Environmental, Economic and Social Policy",,Yes,1,https://www.iucn.org/commissions/commission-environmental-economic-and-social-policy/about
55,CEFRAP,Centre d'Etude de Formation et de réalisations agro pastorales),,No,,
56,CENESTA,Centre for Sustainable Development and Environment,,Yes,,http://www.cenesta.org/en/
57,Center for Ocean Solutions,,,Yes,,http://www.centerforoceansolutions.org/
58,Centre for Public Interest Law (CEPIL),,"Kampala, Uganda",Yes,,https://cepiluganda.org/
59,Centre pour l’Environnement et le Développement,,"Yaoundé, Cameroon",Yes,,http://www.cedcameroun.org/
60,Centro Cientifico Tropical,,"San José, Costa Rica",Yes,,http://www.cct.or.cr/
61,Centro Terra Viva (CTV),,"Maputo, Mozambique",Yes,,http://www.ctv.org.mz/
62,CEPIL,The Centre for Public Interest Law,"Accra, Ghana",Yes,,http://www.cepil.org.gh/
63,Chair of the LDC Group,,,Yes,1,
64,China dialogue,,,Yes,,http://www.chinadialogue.net/
65,China Forestry Publishing House,,"Beijing, China",Yes,,http://www.forestry.gov.cn/lycb.html
66,Chinese Academy of Forestry,,,Yes,,http://www.caf.ac.cn/
67,Christian Aid,,"London, UK",Yes,,http://www.christianaid.org.uk/
68,CIFOR,Center for International Forestry Research,"Bogor, Indonesia",Yes,,https://www.cifor.org/
69,CILSS,Permanent Interstate Committee for drought control in the Sahel,"Ouagadougou, Burkina Faso",Yes,,https://www.cilss.int/
70,CIRAD,French Agricultural Research Centre for International Development,"Montpellier, France",Yes,,https://www.cirad.fr/en
71,CITES,,,Yes,1,https://www.cites.org/
72,Civic Response,,,Yes,,https://www.civicresponsegh.org/
73,CIVICUS,,"Johannesburg, South Africa",Yes,,https://www.civicus.org/
74,CLACC,Capacity Strengthening in Least Developed Countries for Adaptation to Climate Change,,Yes,1,https://www.iied.org/capacity-strengthening-least-developed-countries-for-adaptation-climate-change-clacc
75,Clean Energy Nepal (CEN),,,Yes,,http://www.cen.org.np/
76,Client Earth,,"London, UK",Yes,,http://www.clientearth.org/
77,Climate and Development Knowledge Network (CDKN),,,Yes,,http://cdkn.org/
78,Climate Centre,,,Yes,,https://www.climatecentre.org/
79,Climate Change Media Partnership,,,Yes,1,
80,Climate Justice Resilient Fund (CJRF),,,Yes,,https://www.cjrfund.org/
81,ClimDev-Africa,,,Yes,,http://www.climdev-africa.org/
82,Cochilco,Chilean Copper Commission,,Yes,1,http://www.cochilco.cl/
83,Collaborative Adaptation Research Initiative in Africa and Asia,,,Yes,,http://www.idrc.ca/EN/Programs/Agriculture_and_the_Environment/CARIAA/Pages/default.aspx
84,Columbia Center on Sustainable Investment,,"New York, US",Yes,,http://ccsi.columbia.edu/
85,Common Fund for Commodities (CFC),,"Amsterdam, Netherlands",Yes,,http://www.common-fund.org/
86,Commonwealth Foundation,,"London, UK",Yes,,https://commonwealthfoundation.com/
87,Conservation South Africa,,"Cape Town, South Africa",Yes,,https://www.conservation.org/south-africa
88,"Conservation, Crime and Communities",,,Yes,,http://communitiesforwildlife.iied.org/
89,Consumers International,,"London, UK",Yes,,https://www.consumersinternational.org/
90,Corvinus University of Budapest (CUB),,"Budapest, Hungary",Yes,,https://www.uni-corvinus.hu/
91,CSERGE,Centre for Social and Economic Research on the Global Environment,"Norwich, UK",Yes,,http://cserge.ac.uk/
92,CTA,Technical Centre for Agricultural and Rural Cooperation,"Wageningen, The Netherlands",Yes,,https://www.cta.int/en
93,"Dartmouth College, Department of Anthropology",,"Hanover, US",Yes,,https://anthropology.dartmouth.edu/
94,Darwin Initiative,,"Penicuik, UK",Yes,,https://www.darwininitiative.org.uk/
95,DCF Alliance,Devolved Climate Finance,,No,1,
96,Deccan Development Society,,"Hyderabad, India",Yes,,http://www.ddsindia.com/www/default.asp
97,DEFRA,Department for Environment Food & Rural Affairs,"London, UK",Yes,,https://www.gov.uk/government/organisations/department-for-environment-food-rural-affairs
98,Deutsche Gesellschaft für Internationale Zusammenarbeit (GIZ),,,Yes,,http://www.giz.de/
99,Development Alternatives Group,,,Yes,,http://www.devalt.org/
100,Development and Climate Days,,,Yes,1,
101,DFID,Department for International Development (DFID),"London, UK",Yes,,https://www.gov.uk/government/organisations/department-for-international-development
102,Earthscan,,"London, UK",Yes,,None
103,ecbi,European Capacity Building Initiative,"Oxford, UK",Yes,,https://ecbi.org/
104,Ecoagriculture Partners,,"Washington, D.C., US",Yes,,https://ecoagriculture.org/
105,EcoDebate,,"Rio de Janeiro, Brazil",Yes,,https://www.ecodebate.com.br/
106,EcoSecurities Ltd,,,No,,
107,Ecosystem Services for Poverty Alleviation (ESPA),,,Yes,,http://www.espa.ac.uk/
108,Ecotech Services,,"Delhi, India",Yes,,https://www.ecotech.com/
109,Edward Elgar Publishing Limited,,"Cheltenham Glos, UK",Yes,,https://www.e-elgar.com/
110,EECZ,Energy and Environmental Concerns for Zambia,"Lusaka, Zambia",Yes,,None
111,EED,European Endowment for Democracy,"Brussels, Belgium",Yes,,https://www.democracyendowment.eu/en
112,El grupo de trabajo sobre el Cambio climático y el Desarrollo,,,No,1,
113,Elsevier,,"(various, no head office)",Yes,,https://www.elsevier.com/
114,Energy and Resources Institute (TERI),,,Yes,,http://www.teriin.org/
115,Engineers against Poverty,,"London, UK",Yes,,http://engineersagainstpoverty.org/
116,Environment & Urbanization,,,Yes,1,http://www.environmentandurbanization.org/
117,Environmental Management for Livelihood Improvement Bwaise Facility (EMLI),,,Yes,,http://www.bwaisefacility.org/
118,ETC Netherlands,European Travel Commission,"The Hague, Netherlands",Yes,,https://etc-corporate.org/country/netherlands/
119,"Ethiopia's Environment, Forest and Climate Change Commission",,,Yes,,http://mefcc.gov.et/
120,Ethiopian Red Cross Society,,"Addis Ababa, Ethiopia",Yes,,https://www.redcrosseth.org/
121,European Parliament's Subcommittee on Human Rights,,"Brussels, Belgium",Yes,,https://www.europarl.europa.eu/committees/en/droi/about
122,Experience Bangladesh,,,No,,
123,FAO,Food and Agriculture Organization of the United Nations,"Rome, Italy",Yes,,http://www.fao.org/
124,Farmers' Seed Network,,"Nanning, China",Yes,,https://www.fsnchina.info/
125,Fauna & Flora International,,"Cambridge, UK",Yes,,https://www.fauna-flora.org/
126,Federal Ministry for Economic Cooperation and Development (BMZ),,,Yes,,http://www.bmz.de/en/
127,"Federal Ministry for the Environment, Nature Conservation and Nuclear Safety (BMU)",,,Yes,,https://www.bmu.de/en/
128,Federation of community Forestry Users Nepal (FECOFUN),,,Yes,,http://fecofun.org.np/
129,Fern,,"Brussels, Belgium",Yes,,https://www.fern.org/
130,FGLG Cameroon,,,Yes,1,
131,FGLG Ghana,,,Yes,1,
132,FGLG India,,,Yes,1,
133,FGLG Indonesia,,,Yes,1,
134,FGLG Malawi,,,Yes,1,
135,FGLG Mozambique,,,Yes,1,
136,FGLG South Africa,,,Yes,1,
137,FGLG Uganda,,,Yes,1,
138,FGLG Vietnam,,,Yes,1,
139,FIELD,Foundation for International Environmental Law and Development,,Yes,,
140,"Foreign, Commonwealth and Development Office (FCDO)",,,Yes,,https://www.gov.uk/government/organisations/foreign-commonwealth-development-office
141,Forest and Farm Facility,,,No,1,
142,Forest Peoples Program,,,No,1,
143,Forest Trends,,"Washington, D.C., US",Yes,,None
144,Forestry Commission,,"London, UK",Yes,,https://www.gov.uk/government/organisations/forestry-commission
145,Forestry South Africa,,,Yes,,https://saforestry.co.za/
146,Forests Dialogue,,,No,,
147,Forum paysan de Kolongotomo,,,No,1,
148,Foundation for Democracy and Sustainable Development,,,Yes,,http://www.fdsd.org/
149,Frankfurter Societats-Medien GmbH,,"Frankfurt, Germany",Yes,,https://www.mediengruppe-frankfurt.de/
150,Friends of the Earth,,,Yes,,http://www.foe.co.uk/
151,Frontiers,,"Lausanne, Switzerland",Yes,,https://www.frontiersin.org/
152,Fundação Amazonas Sustentável (FAS),,,Yes,,http://fas-amazonas.org/
153,Fundación Natura Bolivia,,"Santa Cruz de la Sierra, Bolivia",Yes,,http://www.naturabolivia.org/
154,GEF,Global Environment Facility,"Washington, D.C., US",Yes,,https://www.thegef.org/
155,Germanwatch,,,Yes,,http://germanwatch.org/en/startseite
156,GERSDA: Université de Bamako,,"Bamako, Mali",Yes,,None
157,"Ghana HIPC Watch, SEND Foundation of West Africa",,,No,,
158,GIZ,Deutsche Gesellschaft für Internationale Zusammenarbeit (GIZ) GmbH,"Bonn, Germany",Yes,,https://www.giz.de/en/html/index.html
159,Global Development and Environment Institute,Global Development and Environment Institute at Tufts University,"Massachusetts, US",Yes,,https://sites.tufts.edu/gdae/
160,Global Environment Facility Small Grants Programmne,,,Yes,,https://sgp.undp.org/
161,Global Environmental Institute,,,No,,
162,Global Green Growth Institute,,"Seoul, South Korea",Yes,,http://www.gggi.org/
163,Global Initiative on Community Based Adaptation (GICBA),,,Yes,,http://weadapt.org/gicba
164,Global Resilience Partnership (GRP),,,Yes,,http://www.globalresiliencepartnership.org/
165,Global Water Initiative (GWI) West Africa,,,Yes,1,https://www.iied.org/global-water-initiative-west-africa
166,Government of Bangladesh,,,Yes,,http://www.bangladesh.gov.bd/
167,Government of Cameroon,,,Yes,,
168,Government of Guyana,,"Georgetown, Guyana",Yes,,https://parliament.gov.gy/
169,Government of Kenya,,,Yes,,
170,Government of Malawi,,"Lilongwe, Malawi",Yes,,https://www.malawi.gov.mw/
171,Gower Publishing,,"London, UK",Yes,,https://www.routledge.com/
172,Green Africa Youth Organization (GAYO),,,Yes,,https://greenafricayouth.com/
173,Green Economy Coalition,,,Yes,1,http://www.greeneconomycoalition.org/
174,Green-Sénégal,,,Yes,,https://www.greensenegal.sn/
175,GREG-Forêts,,,Yes,,
176,GRET,,"Paris, France",Yes,,https://www.gret.org/
177,Growing Forest Partnerships,,,Yes,1,http://www.growingforestpartnerships.org/
178,Hariyo Ban Program,,,Yes,,http://www.wwfnepal.org/hariyobanprogram/who_we_are/
179,Heinrich Böll Stiftung North America,,,Yes,,http://www.boell.org/
180,Helvetas Mali,,"Bamako, Mali",Yes,,https://www.helvetas.org/fr/mali
181,Hivos,,"The Hague, Netherlands",Yes,,https://www.hivos.org/
182,Hot Springs Working Group,,,No,,
183,Huairou Commission,,,Yes,,https://huairou.org/
184,IAMO,Leibniz Institute of Agricultural Development in Transition Economies,"Halle, Germany",Yes,,https://www.iamo.de/en/
185,ICARDA,International Center for Agricultural Research in the Dry Areas,"Beirut, Lebanon",Yes,,http://www.icarda.org/
186,ICCA Consortium,,,Yes,,https://www.iccaconsortium.org/
187,ICCCAD,International Centre for Climate Change and Development,"Dhaka, Bangladesh",Yes,,http://www.icccad.net/
188,ICEM,International Centre for Environmental Management,"Hanoi, Vietnam",Yes,,https://icem.com.au/
189,ICRISAT,International Crops Research Institute for the Semi-Arid Tropics,,Yes,,https://www.icrisat.org/
190,ICTSD,International Centre for Trade and Sustainable Development,"Geneva, Switzerland",Yes,,https://ictsd.iisd.org/
191,IDH,Sustainable Trade Initiative,"Utrecht, The Netherlands",Yes,,https://www.idhsustainabletrade.com/
192,IDL group,,,No,1,
193,IDRC,International Development Research Centre,"Ottawa, Canada",Yes,,https://www.idrc.ca/en
194,IDS,Institute of Development Studies,"Brighton, UK",Yes,,https://www.ids.ac.uk/
195,IED Afrique,Innovations Environnement Développement,"Dakar, Senegal",Yes,,http://www.iedafrique.org/
196,IEG Independent Experts Group,,,No,1,
197,IFAD,International Fund for Agricultural Development,"Rome, Italy",Yes,,https://www.ifad.org/
198,IIED,International Institute for Environment and Development,"London, UK",Yes,,http://www.iied.org/
199,IIED Energy Forum,,,No,1,
200,IIED-AL,IIED-America Latina,"Buenos Aires, Argentina",Yes,,https://www.iied-al.org.ar/
201,IISD,International Institute for Sustainable Development,"Winnipeg, Canada",Yes,,https://www.iisd.org/
202,IISD Reporting Services,,,Yes,1,https://enb.iisd.org/
203,IKM Emergent,,"Alnwick, UK",Yes,,https://www.emergentworks.net/
204,Imperial College Press,,"London, UK",Yes,,https://europe.worldscientific.com/
205,Inclusive Development International,,,Yes,,https://www.inclusivedevelopment.net/
206,Independent Research Forum,,"London, UK",Yes,,https://independentresearchforum.com/
207,Independent Research Forum on a Post-2015 Sustainable Development Agenda,,,No,1,
208,INMIP,International Network of Mountain Indigenous People,Bhutan,Yes,,https://inmip.net/
209,Institute for Advanced Sustainability Studies (IASS),,,No,,
210,Institute of Irrigation and Development Studies,,"Southampton, UK",Yes,,https://www.southampton.ac.uk/engineering/research/centres/institute_of_irrigation_and_development_studies.page
211,Integrated Managment of Coastal and Freshwater Systems (IMCAFS),,,Yes,,https://unu.edu/projects/integrated-ecosystem-management.html#outline
212,Inter-Parliamentary Union,,,Yes,1,https://www.ipu.org/
213,International Community of Women living with HIV/AIDS,,,No,1,
214,International Council on Mining and Metals (ICMM),,,Yes,,http://www.icmm.com/
215,International Development Research Centre (IDRC),,,Yes,,http://www.idrc.ca
216,International Fund for Agricultural Development (IFAD),,,Yes,,http://www.ifad.org/
217,International Land Coalition,,,Yes,,https://www.landcoalition.org/
218,International Land Coalition (ILC),,"Rome, Italy",Yes,,http://www.landcoalition.org/
219,International Network of Mountain Indigenous Peoples,,,No,1,
220,International Trade Centre,,"Geneva, Switzerland",Yes,,https://www.intracen.org/
221,Internews,,"Arcata, US",Yes,,https://internews.org/
222,IOS Press,,"Amsterdam, Netherlands",Yes,,https://www.iospress.nl/
223,IRA Tanzania,The Institute of Resource Assessment ,"Dar Es Salaam, Tanzania",Yes,,https://www.udsm.ac.tz/web/index.php/institutes/ira
224,Irish Aid,,,Yes,,http://www.dci.gov.ie/
225,IRPAD,,,No,,
226,ISET-Pakistan,,,No,,
227,Isiolo County Government,,,Yes,,https://isiolo.go.ke/
228,Islamic Relief Bangladesh,,,Yes,,http://islamicrelief.org.bd/
229,Island Press,,"Washington, D.C., US",Yes,,https://islandpress.org/
230,IUCN,International Union for Conservation of Nature,"Gland, Switzerland",Yes,,http://www.iucn.org/
231,IUCN - Regional office for southern Africa,,,No,1,
232,Jaakko Pöyry Consulting AB,,,No,,
233,Just Economics,,,No,,
234,Kene conseils,,,No,,
235,Kent Business School,,"Canterbury, UK",Yes,,https://www.kent.ac.uk/kent-business-school
236,Khakas Regional Public Charity Fund,,,No,,
237,Khanya-Managing Rural Change,,,No,,
238,Kimmage Development Studies Centre (KDSC),,"Dublin, Ireland",Yes,,https://www.maynoothuniversity.ie/international-development
239,Kings College,,"London, UK",Yes,,https://www.kcl.ac.uk/
240,Kolongotomo farmers forum,,,No,,
241,Kumarian Press,,"West Hartford, US",Yes,,None
242,l’Agence Française de Développement (AFD),,"Paris, France",Yes,,https://www.afd.fr/en
243,Land Empowerment Animals People,,"Kota Kinabalu, Malaysia",Yes,,https://www.leapspiral.org/
244,LandCam,,,Yes,1,https://www.landcam.org/en
245,Landesa,,,Yes,,http://www.landesa.org/
246,Le groupe de travail sur les changements climatiques et le développement,,,No,1,
247,Le Monde Diplomatique,,"Paris, France",Yes,,https://www.monde-diplomatique.fr/
248,Lead,,,Yes,,http://www.lead.org/
249,Least Developed Countries Independent Expert Group,,,Yes,1,
250,LEGEND,Enhancing Governance for Economic Development,,No,,
251,Li Bird,,"Pokhara, Nepal",Yes,,http://www.libird.org/
252,Lies Craeynest (WWF),,,No,1,
253,Living Earth Foundation,,,No,,http://www.livingearth.org.uk/
254,Living Landscape Alliance,,"Kota Kinabalu, Malaysia",Yes,,http://www.livinglandscapealliance.org/
255,Lok Chetna Manch,,"Nanital, India",Yes,,None
256,Los antecedentes del Fondo Nacional de Financiamiento Forestal (FONAFIFO),,,Yes,,http://www.fonafifo.go.cr/
257,LSHTM,London School of Hygiene & Tropical Medicine,,No,,https://www.lshtm.ac.uk/
258,Mainumby Ñakurutú,Mainumby Ñakurutú Research Centre,"La Paz, Bolivia",Yes,,None
259,Makerere University,,"Kampala, Uganda",Yes,,https://www.mak.ac.ug/
260,Malawi Environmental Affairs Department,,,Yes,,http://www.ead.gov.mw/
261,Mary Robinson Foundation - Climate Justice (MRFCJ),,,Yes,,http://www.mrfcj.org/
262,MDPI AG,,"Basel, Switzerland",Yes,,https://www.mdpi.com/
263,MICAIA,,"Chimoio, Mozambique",Yes,,http://micaia.org/
264,Michigan State University,,"Michigan, US",Yes,,https://msu.edu/
265,Millenium Institute,,,Yes,,https://www.millennium-institute.org/
266,Ministere de l'Administration Territoriale et des Collectivités Locales,,,No,,
267,Ministério Público Federal,,,Yes,,http://www.pgr.mpf.gov.br/
268,Ministry for Foreign Affairs of Finland,,,Yes,,http://formin.finland.fi/public/default.aspx?culture=en-US&contentlan=2
269,Ministry of Environment and Tourism Republic of Namibia,,,No,,
270,Ministry of Foreign Affairs Denmark,,"Copenhagen, Denmark",Yes,,https://um.dk/en/
271,Ministry of Territorial Administration and Local Communities (Mali),,,No,,
272,MIT,Massachusetts Institute of Technology,"Cambridge, MA, US",Yes,,https://www.mit.edu/
273,MMSD,"Mining, Minerals and Sustainable Development",,Yes,1,
274,Multi Stakeholder Forestry Programme (MSFP),,,Yes,,http://www.msfp.org.np/
275,Namati,,,Yes,,https://namati.org/
276,National Biodiversity Forum,,,No,,
277,National Environment Management Agency (Uganda),,,Yes,,https://www.nema.go.ug/
278,National Institute for Health Research (NIHR),,,No,,
279,National Trust for Nature Conservation (NTNC),,,Yes,,http://www.ntnc.org.np/
280,Nature Climate Change,,,Yes,,http://www.nature.com/climate/index.html
281,Nature Conservancy,,,Yes,,https://www.nature.org/
282,Nature Research,,"Berlin, Germany",Yes,,https://www.nature.com/
283,Nature-based Solutions policy platform,,,Yes,1,http://www.nbspolicyplatform.org/
284,NDMA,National Drought Management Authority,"Nairobi, Kenya",Yes,,https://www.ndma.go.ke/
285,Near East Foundation,,"New York, US",Yes,,https://www.neareast.org/
286,NEF,New Economics Foundation,"London, UK",Yes,,http://www.neweconomics.org/
287,NORAD,Norwegian Agency for Development Cooperation,"Oslo, Norway",Yes,,https://norad.no/en/front/
288,Norwegian Ministry of Environment,,"Oslo, Norway",Yes,,https://www.regjeringen.no/en/dep/kld/id668/
289,Norwegian Refugee Council,,,Yes,,https://www.nrc.no/
290,Nova Science Publishers,,"New York, US",Yes,,http://www.novapublishers.com/
291,O Grupo de Trabalho sobre Mudanças Climáticas e Desenvolvimento,,,No,1,
292,ODI,Overseas Development Institute,"London, UK",Yes,,https://www.odi.org/
293,OECD,Organisation for Economic Co-operation and Development ,"Paris, France",Yes,,https://www.oecd.org/
294,oekom verlag,,"Munich, Germany",Yes,,https://www.oekom.de/
295,OPP Research,,,No,,
296,Organisation for Economic Co-operation and Development (OECD),,,Yes,,"http://www.oecd.org/home/0,2987,en_2649_201185_1_1_1_1_1,00.html"
297,OSCE,Organization for Security and Co-operation in Europe,"Vienna, Austria",Yes,,https://www.osce.org/
298,Oxfam,,"Nairobi, Kenya",Yes,,http://oxfam.org.uk/
299,Oxfam GB,,"Oxford, UK",Yes,,http://oxfam.org.uk/
300,Oxfam Novib,,,Yes,,http://www.oxfamnovib.nl/
301,Oxford Climate Policy,,,Yes,,https://oxfordclimatepolicy.org/
302,Oxford Policy Management,,"Oxford, UK",Yes,,https://www.opml.co.uk/
303,Oxford University Press,,"Oxford, UK",Yes,,https://global.oup.com/
304,PAN-AP,,,No,,
305,Panos Publications Ltd,,"London, UK",Yes,,https://www.panos.co.uk/
306,Partenaires du programme Réussir la décentralisation,,,No,,
307,Participatory Practitioners for Change (PPfC) members,,,No,1,
308,"PEALS, Newcastle University","Policy, Ethics and Life Sciences (PEALS) - Newcastle University",,Yes,1,https://www.ncl.ac.uk/peals/
309,People Not Poaching,,,Yes,1,https://www.peoplenotpoaching.org/
310,Peter Lang Publishing,,"Bern, Switzerland",Yes,,https://www.peterlang.com/
311,PLA editors,,,Yes,,
312,Plan International,,"Woking, UK",Yes,,https://plan-international.org/
313,PlanAfric,,,No,,
314,Platform for Agrobiodiversity Research,,,No,,
315,Plural editores,,"La Paz, Bolivia",Yes,,http://www.plural.bo/
316,Policy Ethics and Life Sciences (PEALS) Research Centre,,,Yes,1,https://www.ncl.ac.uk/peals/
317,Pontifícia Universidade Católica,,,Yes,,http://www.puc-rio.br/index.html
318,Population Action International,,,Yes,,http://populationaction.org/
319,Poverty and Conservation Learning Group (PCLG),Poverty and Conservation Learning Group,,Yes,1,http://www.povertyandconservation.info/
320,Practical Action,,"Rugby, United Kingdom",Yes,,http://practicalaction.org/
321,Practical Action Publishing,,"Rugby, United Kingdom",Yes,,https://practicalactionpublishing.com/
322,Pradipta Paramitha Team,,,No,,
323,Profor,,"Washington, D.C., US",Yes,,https://www.profor.info/
324,Proforest,,"Oxford, UK",Yes,,https://proforest.net/en
325,"Protected Areas, Equity and Livelihoods Task Force",,,No,,
326,Public Finance Monitoring Centre,,"Baku, Azerbaijan",Yes,,http://www.pfmc.az/
327,Questions of International Law,,"Naples, Italy",Yes,,http://www.qil-qdi.org/
328,RCPLA network,,,Yes,,
329,RCS Global,,,No,,https://www.rcsglobal.com/
330,RECOFTC,,"Bangkok, Thailand",Yes,,https://www.recoftc.org/
331,RECONCILE,,,No,,
332,Red Cross,,,No,,
333,Redd Barna,,"Oslo, Norway",Yes,,https://www.reddbarna.no/
334,Regoverning markets,,,Yes,,https://www.iied.org/regoverning-markets
335,Renewable World,,,Yes,,http://www.renewable-world.org/
336,Republic of Zambia,,,Yes,,http://www.mofnp.gov.zm/
337,Reseau Ressources Naturelles,,,No,,
338,Resources for the Future,,"Washington, D.C., US",Yes,,http://www.rff.org/
339,RFUK,,"London, UK",Yes,,https://www.rainforestfoundationuk.org/
340,Rimisp-Centro Latinoamericano para el Desarrollo Rural,Rimisp - Latin American Center for Rural Development,"Santiago, Chile",Yes,,https://rimisp.org/en/
341,Ring Alliance,Ring alliance of policy research organisations,,Yes,,
342,Rockefeller Foundation,,,Yes,,http://www.rockefellerfoundation.org/
343,Routledge,,"London, UK",Yes,,http://www.routledge.com/
344,Royal Geographical Society,,"London, UK",Yes,,https://www.rgs.org/
345,Royal Society,,"London, UK",Yes,,http://www.royalsociety.org/
346,RSPB,Royal Society for the Protection of Birds,"Sandy, UK",Yes,,http://www.rspb.org.uk/
347,SAGE Publishing,,"Thousand Oaks, US",Yes,,https://sagepub.com/
348,SAIIA,South African Institute of International Affairs,"Johannesburg, South Africa",Yes,,https://saiia.org.za/
349,SASUSG - Southern Africa Sustainable Use Specialist Group,,,No,,
350,Save the Children,,"London, UK",Yes,,https://www.savethechildren.org.uk/
351,Save the Children Ethiopia ,,"Addis Ababa, Ethiopia",Yes,,https://ethiopia.savethechildren.net/
352,SchEMS,,"Kathmandu, Nepal",Yes,,http://schems.edu.np/
353,SDN,,,No,,https://sdnafrica.org/
354,Secretariat of the International Land Coalition,,,No,,
355,SEDAWOG Team,,,No,,
356,Sentinel,,,Yes,1,https://www.sentinel-gcrf.org/
357,Shack/Slum Dwellers International,,"Cape Town, South Africa",Yes,,https://knowyourcity.info/
358,Shack/Slum Dwellers International (SDI),,,Yes,,http://knowyourcity.info/
359,Shaping Sustainable Markets,,,No,,http://shapingsustainablemarkets.iied.org/
360,SHARE consortium,,,Yes,,http://www.shareresearch.org/
361,SIDA,Swedish International Development Cooperation Agency,"Stockholm, Sweden",Yes,,https://www.sida.se/English/
362,SNV,,"The Hague, The Netherlands",Yes,,https://snv.org/
363,Sokoine University of Agriculture,,"Morogoro, Tanzania",Yes,,https://www.sua.ac.tz/
364,SOS Sahel,,"Dakar, Senegal",Yes,,http://sossahel.ngo/
365,SOS Sahel International UK,,"Oxford, UK",Yes,,https://sahel.org.uk/
366,Southern Voices,,,Yes,,http://www.southernvoices.net
367,Springer,,"Berlin, Germany",Yes,,https://www.springer.com/
368,Srepok Wilderness Area Project Team,,,No,,
369,Stakeholder Democracy Network,,"Port Harcourt, Nigeria",Yes,,https://www.stakeholderdemocracy.org/
370,STEPS Centre,,,Yes,,http://steps-centre.org/
371,Stockholm Environment Institute-U.S.,,"Somerville, US",Yes,,https://www.sei.org/centres/us/
372,Stockholm Resilience Centre,,,Yes,,http://www.stockholmresilience.org/
373,Sustainable Food Lab,,"Vermont, US",Yes,,https://sustainablefoodlab.org/
374,Tanzania Natural Resource Forum,,"Arusha, Tanzania",Yes,,https://www.tnrf.org/en
375,"Task Force on Protected Areas, Equity and Livelihoods",,,No,,
376,Taylor & Francis Group,,"Abingdon-on-Thames, UK",Yes,,https://www.tandfonline.com/
377,Tearfund,,"Teddington, UK",Yes,,https://www.tearfund.org/
378,Television Trust for the Environment (TV/E),,,Yes,,http://tve.org/
379,The Christensen Fund,,"San Francisco, US",Yes,,https://www.christensenfund.org/
380,The Ecologist,,"London, UK",Yes,,https://theecologist.org/
381,The Forests Dialogue,,"Connecticut, US",Yes,,https://theforestsdialogue.org/
382,the Indira Gandhi Institute of Development Research,,"Mumbai, India",Yes,,http://www.igidr.ac.in/
383,The inhabitants of Moikarako,,,No,1,
384,The International Model Forest Network:,,"Ottowa, Canada",Yes,,https://imfn.net/
385,The Lancet,,"London, UK",Yes,,https://www.thelancet.com/
386,The South Centre,,"Geneva, Switzerland",Yes,,https://www.southcentre.int/
387,The Travel Foundation,,"Bristol, UK",Yes,,https://www.thetravelfoundation.org.uk/
388,Three Rights Holders Group (G3),,,Yes,,http://www.g3forest.org/
389,TNRF,Tanzania Natural Resource Forum,"Arusha, Tanzania",Yes,,https://www.tnrf.org/en
390,TRAFFIC,,,Yes,,https://www.traffic.org/
391,Trata Brasil,,,Yes,,http://www.tratabrasil.org.br/
392,Travel Foundation,,,No,,
393,Tropenbos Ghana,,"Kumasi, Ghana",Yes,,https://www.tropenbos.org/where_we_work/ghana
394,Tropenbos RD Congo,,"Kisangani, RD Congo",Yes,,https://www.tropenbos.org/where_we_work/dr+congo
395,Tropical Conservancy,,,No,,
396,TVE,,"London, UK",Yes,,https://tve.org/
397,Uganda Poverty and Conservation Learning Group,,,No,1,
398,Uganda Wildlife Authority,,"Kampala, Uganda",Yes,,https://www.ugandawildlife.org/
399,Ujamaa Community Resource Team,,,No,,
400,UN,United Nations,"New York, US",Yes,,https://www.un.org/en/
401,UN Women,,,Yes,,http://www.unwomen.org/
402,UN-OHRLLS,"United Nations Office of the High Representative for the Least Developed Countries, Landlocked Developing Countries and Small Island Developing States","New York, US",Yes,,http://unohrlls.org/
403,UN-REDD Programme,United Nations REDD Programme,"Geneva, Switzerland",Yes,,https://www.un-redd.org/
404,UNCTAD,United Nations Conference on Trade and Development,,Yes,,https://unctad.org/en
405,UNDP,United Nations Development Programme,"New York, US",Yes,,https://www.undp.org/content/undp/en/home.html
406,UNDP Kazakhstan,,"Nur- Sultan, Kazakhstan",Yes,,https://www.kz.undp.org/content/kazakhstan/en/home.html
407,UNEP,United Nations Environment Programme,"Nairobi, Kenya",Yes,,https://www.unenvironment.org/
408,UNEP-WCMC,United Nations Environment Programme - World Conservation Monitoring Centre,"Cambridge, UK",Yes,,https://www.unep-wcmc.org/
409,UNESCO,"United Nations Educational, Scientific and Cultural Organization","Paris, France",Yes,,https://en.unesco.org/
410,UNFCCC Secretariat,,,Yes,1,https://unfccc.int/about-us/about-the-secretariat
411,UNFPA,United Nations Population Fund,"New York, US",Yes,,https://www.unfpa.org/
412,UNICEF,United Nations Children's Fund,"New York, US",Yes,,https://www.unicef.org/
413,Unilever,,"London, UK",Yes,,https://www.unilever.com/
414,United Nations Development Programme (UNDP),,,Yes,,http://www.undp.org/
415,United Nations Economic Commission for Latin America and the Caribbean,,"Santiago, Chile",Yes,,https://www.cepal.org/en
416,United Nations Environment Programme (UNEP),,,Yes,,http://www.unep.org/
417,United Nations Framework Convention on Climate Change (UNFCCC),,,Yes,,https://unfccc.int/
418,United Nations Human Settlement Programme,,,Yes,,https://unhabitat.org/
419,United Nations University Institute for Environment and Human Security,,,Yes,,http://www.ehs.unu.edu/
420,Université de Saint-Louis,UCLouvain Saint-Louis Brussels,"Brussels, Belgium",Yes,,https://www.usaintlouis.be/
421,University of Cambridge,,"Cambridge, UK",Yes,,https://www.cam.ac.uk/
422,University of Karthoum,,"Khartoum, Sudan",Yes,,http://uofk.edu/
423,University of Kent,,"Canterbury, UK",Yes,,https://www.kent.ac.uk/
424,University of Manchester,,"Manchester, UK",Yes,,https://www.manchester.ac.uk/
425,University of Southampton,,"Southampton, UK",Yes,,https://www.southampton.ac.uk/
426,University of Sussex,,"Brighton, UK",Yes,,https://www.sussex.ac.uk/
427,University of the West Indies Press,,"Kingston, Jamaica",Yes,,https://www.uwipress.com/
428,University of Zimbabwe,,"Harare, Zimbabwe",Yes,,https://www.uz.ac.zw/
429,UNRISD,United Nations Research Institute for Social Development,"Geneva, Switzerland",Yes,,https://www.unrisd.org/
430,Urban ARK,Urban Africa Risk Knowledge,"London, UK",Yes,,https://www.urbanark.org/
431,Urban Resource Centre,,,Yes,,http://www.urckarachi.org/
432,USAID,,,Yes,,http://www.usaid.gov/
433,Vitae Civilis,,,Yes,,http://www.vitaecivilis.org.br/
434,Wageningen University,,"Waginengen, Netherlands",Yes,,https://www.wur.nl/
435,Wajir County Government,,,Yes,,https://www.wajir.go.ke/
436,Warsaw University,University of Warsaw,"Warsaw, Poland",Yes,,https://www.uw.edu.pl/
437,Water Aid,,,Yes,,http://www.wateraid.org/uk/
438,WAVES partnership,,,Yes,,http://www.wavespartnership.org/waves/
439,WBCSD,World Business Council for Sustainable Development,"Geneva, Switzerland",Yes,,https://www.wbcsd.org/
440,"WCPA/CEESP Taskforce on Protected Areas, Equity and Livelihoods",,,No,1,
441,"WEDC, Loughborough University","Water, Engineering and Development (WEDC). Loughborough University","Loughborough, UK",Yes,,https://www.lboro.ac.uk/research/wedc/
442,Wildlife Conservation Society (WCS),,"New York, US",Yes,,https://www.wcs.org/
443,Wiley,"John Wiley & Sons, Inc","New Jersey, US",Yes,,https://www.wiley.com/en-us
444,Winrock International India,,,Yes,,https://www.winrock.org/
445,Wise Andean Peoples Network,,,No,,
446,Woodrow Wilson International Center for Scholars,,"Washington, D.C., US",Yes,,https://www.wilsoncenter.org/
447,Working group on Climate Change and Development,,,No,1,
448,World Bank,,"Washington, D.C., US",Yes,,https://www.worldbank.org/
449,World Commission on Dams,,,No,,
450,World Future Council,,,Yes,,http://www.worldfuturecouncil.org/
451,World Neighbors programme partners in Nepal,,,No,1,
452,World Resources Institute (WRI),,,Yes,,http://www.wri.org/
453,World Vision,,,Yes,,http://www.worldvision.org/
454,World Wildlife Fund (WWF),World Wide Fund for Nature,,Yes,,http://wwf.panda.org/
455,WorldFish,,,Yes,,http://www.worldfishcenter.org/
456,WRI,World Resources Institute,"London, UK",Yes,,https://www.wri.org
457,WRI Ltd,Wood Resources International LLC,"Washington, US",Yes,,https://woodprices.com/
458,WSSCC,Water Supply and Sanitation Collaborative Council,"Geneva, Switzerland",Yes,,https://www.wsscc.org/
459,WWF Cambodia,World Widlife Fund Cambodia,"Kratie, Cambodia",Yes,,https://www.wwf.org.kh/
460,WWF CARPO,,,No,,
461,WWF China Programme Office,,,No,,
462,WWF DRC,,,No,,
463,WWF India,World Widlife Fund India,"Madhya Predesh, India",Yes,,https://www.wwfindia.org/
464,WWF Mozambique,,,No,,
465,WWF UK,World Widlife Fund UK,"Woking, UK",Yes,,https://www.wwf.org.uk/
466,WWF Vietnam,World Widlife Fund Vietnam,"Hanoi, Vietnam",Yes,,https://vietnam.panda.org/
467,Yale University,Yale University School of Forestry & Environmental Studies,"Connecticut, US",Yes,,https://environment.yale.edu/
468,"Young people from Louga, Senegal",,,No,1,
469,Zambia CBNRM Forum,Zambia Community Based Natural Resources Management Forum,"Lusaka, Zambia",Yes,,https://zambiacbnrmforum.wordpress.com/
470,Zambia Ministry of Lands and Natural Resources,,,Yes,,https://www.mlnr.gov.zm/?page_id=5453
471,Zed Books,,"London, UK",Yes,,https://www.zedbooks.net/
472,Zimbabwe Homeless People's Federation,Dialogue on Shelter for the Homeless Trust Zimbabwe Homeless People’s Federation,"Harare, Zimbabwe",Yes,,http://dialogueonshelter.co.zw/
473,ZSL,Zoological Society of London,"London, UK",Yes,,https://www.zsl.org